pair_id,stratum,unit,unit_name,unit_id,unit_category,n_members,neighbour,neighbour_name,neighbour_id,neighbour_category,text_rank,text_score,schema_rank,schema_score,shared_fields,embed_rank,embed_score
p001,Surveys,t6uf-8aus,Graffiti - Edmonton Insight Community,t6uf-8aus,Surveys,1,ntna-rkd8,Photo Radar - Edmonton Insight Community,ntna-rkd8,Surveys,1,0.8881,,,,,
p002,Surveys,t6uf-8aus,Graffiti - Edmonton Insight Community,t6uf-8aus,Surveys,1,fcbe-wvcw,Parks July 2014 - Edmonton Insight Community,fcbe-wvcw,Surveys,2,0.8792,,,,,
p003,Surveys,t6uf-8aus,Graffiti - Edmonton Insight Community,t6uf-8aus,Surveys,1,wzk2-tzrk,Political Engagement - Edmonton Insight Community,wzk2-tzrk,Surveys,3,0.8615,,,,,
p004,Surveys,t6uf-8aus,Graffiti - Edmonton Insight Community,t6uf-8aus,Surveys,1,8ag7-vcb5,Mobile App - Edmonton Insight Community,8ag7-vcb5,Surveys,4,0.856,,,,,
p005,Surveys,t6uf-8aus,Graffiti - Edmonton Insight Community,t6uf-8aus,Surveys,1,863d-s5ie,Liquor Stores - Edmonton Insight Community,863d-s5ie,Surveys,5,0.3504,,,,,
p006,Surveys,t6uf-8aus,Graffiti - Edmonton Insight Community,t6uf-8aus,Surveys,1,249p-stgs,Insight Community App - Edmonton Insight Community,249p-stgs,Surveys,,,1,0.7154,q12_employment_status_study_profiling_questionnaire_2014;q10_own_business_study_profiling_questionnaire_2014;q9a_edmonton_study_profiling_questionnaire_2014;q17_city_employee_study_profiling_questionnaire_2014;age_rollup_detailed_study_profiling_questionnaire_2014,,
p007,Surveys,t6uf-8aus,Graffiti - Edmonton Insight Community,t6uf-8aus,Surveys,1,h9pg-n8ch,City Service Satisfaction - Edmonton Insight Community,h9pg-n8ch,Surveys,,,2,0.7154,q12_employment_status_study_profiling_questionnaire_2014;q10_own_business_study_profiling_questionnaire_2014;q9a_edmonton_study_profiling_questionnaire_2014;q17_city_employee_study_profiling_questionnaire_2014;age_rollup_detailed_study_profiling_questionnaire_2014,,
p008,Surveys,t6uf-8aus,Graffiti - Edmonton Insight Community,t6uf-8aus,Surveys,1,exgw-i3qt,Air Quality - Edmonton Insight Community,exgw-i3qt,Surveys,,,3,0.6824,q10_own_business_study_profiling_questionnaire_2014;q9a_edmonton_study_profiling_questionnaire_2014;q17_city_employee_study_profiling_questionnaire_2014;age_rollup_detailed_study_profiling_questionnaire_2014;gender_study_profiling_questionnaire_2014,,
p009,Surveys,t6uf-8aus,Graffiti - Edmonton Insight Community,t6uf-8aus,Surveys,1,kfnf-vqbh,Edmonton City Of Learners - Edmonton Insight Community,kfnf-vqbh,Surveys,,,4,0.6824,q10_own_business_study_profiling_questionnaire_2014;q9a_edmonton_study_profiling_questionnaire_2014;q17_city_employee_study_profiling_questionnaire_2014;age_rollup_detailed_study_profiling_questionnaire_2014;gender_study_profiling_questionnaire_2014,,
p010,Surveys,t6uf-8aus,Graffiti - Edmonton Insight Community,t6uf-8aus,Surveys,1,7rbe-gjza,Golfing - Edmonton Insight Community,7rbe-gjza,Surveys,,,5,0.6312,q12_employment_status_study_profiling_questionnaire_2014;q10_own_business_study_profiling_questionnaire_2014;q9a_edmonton_study_profiling_questionnaire_2014;q17_city_employee_study_profiling_questionnaire_2014;age_rollup_detailed_study_profiling_questionnaire_2014,,
p011,Surveys,ksf2-dty2,July 2020 Mixed Topic - Masks in Public - Edmonton Insight Community,ksf2-dty2,Surveys,1,qgep-x5hx,July 2020 Mixed Topic - Facility Naming Rights - Edmonton Insight Community,qgep-x5hx,Surveys,1,0.9089,,,,,
p012,Surveys,ksf2-dty2,July 2020 Mixed Topic - Masks in Public - Edmonton Insight Community,ksf2-dty2,Surveys,1,vqmk-c3wc,July 2020 Mixed Topic - Snow and Ice Control Opt-in - Edmonton Insight Community,vqmk-c3wc,Surveys,2,0.8619,1,0.254,starteddate;completeddate;q12_employment_status_study_profiling_questionnaire_2014;q10_own_business_study_profiling_questionnaire_2014;q9a_edmonton_study_profiling_questionnaire_2014,,
p013,Surveys,ksf2-dty2,July 2020 Mixed Topic - Masks in Public - Edmonton Insight Community,ksf2-dty2,Surveys,1,sjc8-n6ki,May 2020 Mixed Topic - Snow - Edmonton Insight Community,sjc8-n6ki,Surveys,3,0.4406,,,,,
p014,Surveys,ksf2-dty2,July 2020 Mixed Topic - Masks in Public - Edmonton Insight Community,ksf2-dty2,Surveys,1,cfkr-dw9y,September 2020 Mixed Topic - Member Check In - Edmonton Insight Community,cfkr-dw9y,Surveys,4,0.407,,,,2,0.9641
p015,Surveys,ksf2-dty2,July 2020 Mixed Topic - Masks in Public - Edmonton Insight Community,ksf2-dty2,Surveys,1,9bgf-w2by,December 2020 Mixed Topic - Emily Murphy Park Renewal - Edmonton Insight Community,9bgf-w2by,Surveys,5,0.3659,,,,,
p016,Surveys,ksf2-dty2,July 2020 Mixed Topic - Masks in Public - Edmonton Insight Community,ksf2-dty2,Surveys,1,g8qh-evsn,November 2021 Mixed Topic - RossdaleOptIn - Edmonton Insight Community,g8qh-evsn,Surveys,,,2,0.2407,starteddate;completeddate;q12_employment_status_study_profiling_questionnaire_2014;q10_own_business_study_profiling_questionnaire_2014;q9a_edmonton_study_profiling_questionnaire_2014,,
p017,Surveys,ksf2-dty2,July 2020 Mixed Topic - Masks in Public - Edmonton Insight Community,ksf2-dty2,Surveys,1,n4h6-5czr,December 2020 Mixed Topic - Waste Digital Assistant Opt-in - Edmonton Insight Community,n4h6-5czr,Surveys,,,3,0.2407,starteddate;completeddate;q12_employment_status_study_profiling_questionnaire_2014;q10_own_business_study_profiling_questionnaire_2014;q9a_edmonton_study_profiling_questionnaire_2014,,
p018,Surveys,ksf2-dty2,July 2020 Mixed Topic - Masks in Public - Edmonton Insight Community,ksf2-dty2,Surveys,1,v5td-9d7k,January 2021 Mixed Topic - ETS Digital Assistant Opt-in - Edmonton Insight Community,v5td-9d7k,Surveys,,,4,0.2407,starteddate;completeddate;q12_employment_status_study_profiling_questionnaire_2014;q10_own_business_study_profiling_questionnaire_2014;q9a_edmonton_study_profiling_questionnaire_2014,,
p019,Surveys,ksf2-dty2,July 2020 Mixed Topic - Masks in Public - Edmonton Insight Community,ksf2-dty2,Surveys,1,yhgk-m88w,December 2020 Mixed Topic - Escooters Survey Opt-in - Edmonton Insight Community,yhgk-m88w,Surveys,,,5,0.2407,starteddate;completeddate;q12_employment_status_study_profiling_questionnaire_2014;q10_own_business_study_profiling_questionnaire_2014;q9a_edmonton_study_profiling_questionnaire_2014,,
p020,Census,Census|# census - dwelling units by structure type and occupancy (citywide),2014 Census - Dwelling Units By Structure Type And Occupancy (Citywide),idfs-vbig,Census,2,Census|# census - dwelling units by structure type and occupancy (neighbourhood),2014 Census - Dwelling Units By Structure Type And Occupancy (Neighbourhood),jpnw-34zp,Census,1,0.9298,,,,1,0.9838
p021,Census,Census|# census - dwelling units by structure type and occupancy (citywide),2014 Census - Dwelling Units By Structure Type And Occupancy (Citywide),idfs-vbig,Census,2,Census|# census - dwelling units by structure type and occupancy (ward),2014 Census - Dwelling Units By Structure Type And Occupancy (Ward),8kvu-edjs,Census,2,0.8836,1,0.9735,not_occupied;no_longer_in_use;occupied;unoccupied;structure_type,2,0.9793
p022,Census,Census|# census - dwelling units by structure type and occupancy (citywide),2014 Census - Dwelling Units By Structure Type And Occupancy (Citywide),idfs-vbig,Census,2,Census|# census - population by structure type (neighbourhood),2014 Census - Population By Structure Type (Neighbourhood),mtnp-ghdu,Census,3,0.8654,,,,,
p023,Census,Census|# census - dwelling units by structure type and occupancy (citywide),2014 Census - Dwelling Units By Structure Type And Occupancy (Citywide),idfs-vbig,Census,2,Census|# census - dwelling unit by structure type (neighbourhood),2014 Census - Dwelling Unit By Structure Type (Neighbourhood),bjgi-976r,Census,4,0.84,,,,3,0.9645
p024,Census,Census|# census - dwelling units by structure type and occupancy (citywide),2014 Census - Dwelling Units By Structure Type And Occupancy (Citywide),idfs-vbig,Census,2,etyh-hnr8,2014 Census - Dwelling Unit By Language (Neighbourhood),etyh-hnr8,Census,5,0.8345,,,,,
p025,Census,Census|# census - dwelling units by structure type and occupancy (citywide),2014 Census - Dwelling Units By Structure Type And Occupancy (Citywide),idfs-vbig,Census,2,Census|# census - dwelling unit by structure type and occupancy (citywide),2016 Census - Dwelling Unit by Structure Type and Occupancy (Citywide),c5sm-a7kb,Census,,,2,0.8577,no_longer_in_use;occupied;unoccupied;structure_type;no_response,5,0.9486
p026,Census,Census|# census - dwelling units by structure type and occupancy (citywide),2014 Census - Dwelling Units By Structure Type And Occupancy (Citywide),idfs-vbig,Census,2,Census|# census - dwelling unit by structure type and occupancy (ward),2016 Census - Dwelling Unit by Structure Type and Occupancy (Ward),gzgu-niwe,Census,,,3,0.8272,no_longer_in_use;occupied;unoccupied;structure_type;no_response,,
p027,Census,Census|# census - dwelling units by structure type and occupancy (citywide),2014 Census - Dwelling Units By Structure Type And Occupancy (Citywide),idfs-vbig,Census,2,vu9d-aerh,2016 Census - Dwelling Unit by Structure Type and Occupancy (Neighbourhood/Ward),vu9d-aerh,Census,,,4,0.763,no_longer_in_use;occupied;unoccupied;structure_type;no_response,,
p028,Census,Census|# census - dwelling units by structure type and occupancy (citywide),2014 Census - Dwelling Units By Structure Type And Occupancy (Citywide),idfs-vbig,Census,2,qdcb-svkz,2009 Census - Dwelling Unit By Structure Type And Occupancy (Neighbourhood),qdcb-svkz,Census,,,5,0.69,occupied;unoccupied;structure_type;no_response,,
p029,(none),33fm-nqgr,V_EPARK_MACHINES,33fm-nqgr,,1,3tne-sxfm,PARKING_ZONES,3tne-sxfm,,1,1.0,,,,2,0.9813
p030,(none),33fm-nqgr,V_EPARK_MACHINES,33fm-nqgr,,1,jtke-vk43,EPARK_REGIONS,jtke-vk43,,2,1.0,2,0.2012,objectid;id,1,0.9828
p031,(none),33fm-nqgr,V_EPARK_MACHINES,33fm-nqgr,,1,xp33-efzk,EPark Parking Usage History,xp33-efzk,,3,0.2538,,,,3,0.8138
p032,(none),33fm-nqgr,V_EPARK_MACHINES,33fm-nqgr,,1,tsq5-xp73,Parkade And Surface Lots,tsq5-xp73,Facilities and Structures,4,0.2507,,,,4,0.791
p033,(none),33fm-nqgr,V_EPARK_MACHINES,33fm-nqgr,,1,5ex6-4nvf,EPark Event Parking Schedule,5ex6-4nvf,Events,5,0.1643,,,,5,0.7074
p034,(none),33fm-nqgr,V_EPARK_MACHINES,33fm-nqgr,,1,d7qe-wy5s,Roadway Maintenance Area Centroid,d7qe-wy5s,,,,1,0.3028,objectid;id,,
p035,(none),33fm-nqgr,V_EPARK_MACHINES,33fm-nqgr,,1,ku6y-75cf,BIA,ku6y-75cf,,,,3,0.1908,objectid;id,,
p036,(none),33fm-nqgr,V_EPARK_MACHINES,33fm-nqgr,,1,qmrk-42wy,Utility Corridors (Edmonton Metropolitan Region Geographic Information Services),qmrk-42wy,,,,4,0.1795,objectid,,
p037,(none),33fm-nqgr,V_EPARK_MACHINES,33fm-nqgr,,1,774r-kpz5,Land Parcels_Legal Parcels (Point),774r-kpz5,Geospatial Boundaries,,,5,0.177,id,,
p038,(none),9zcs-g9vh,Roadway Maintenance Areas Boundaries - Deprecated,9zcs-g9vh,,1,jir4-uuhx,Roadway Maintenance Areas - Deprecated,jir4-uuhx,Transportation,1,0.7008,,,,1,0.8853
p039,(none),9zcs-g9vh,Roadway Maintenance Areas Boundaries - Deprecated,9zcs-g9vh,,1,d7qe-wy5s,Roadway Maintenance Area Centroid,d7qe-wy5s,,2,0.6695,,,,5,0.7726
p040,(none),9zcs-g9vh,Roadway Maintenance Areas Boundaries - Deprecated,9zcs-g9vh,,1,i4z4-cnw9,Roadway Maintenance Areas Geometry,i4z4-cnw9,Transportation,3,0.6029,,,,4,0.816
p041,(none),9zcs-g9vh,Roadway Maintenance Areas Boundaries - Deprecated,9zcs-g9vh,,1,uvif-icw9,Roadway Maintenance Area Polygon Spatial Lens,uvif-icw9,,4,0.5631,,,,3,0.8167
p042,(none),9zcs-g9vh,Roadway Maintenance Areas Boundaries - Deprecated,9zcs-g9vh,,1,6d7m-rasa,Roadway Maintenance Yard Locations Map - Deprecated,6d7m-rasa,,5,0.528,,,,2,0.8511
p043,series,City Administration|# - # council and committee meetings - agenda items and attachments,2017 - 2021 Council and Committee Meetings - Agenda Items and Attachments,9bje-8njq,City Administration,3,City Administration|#-# council and committee meetings - agenda items,2025-2029 Council And Committee Meetings - Agenda Items,6gb8-cs9c,City Administration,1,0.7087,2,0.1831,item_title;item_id;meeting_id,3,0.8431
p044,series,City Administration|# - # council and committee meetings - agenda items and attachments,2017 - 2021 Council and Committee Meetings - Agenda Items and Attachments,9bje-8njq,City Administration,3,7zht-i9ve,"Council and Committee Meetings_Meeting Details, Agenda Items, and Motions (Multiple Terms)",7zht-i9ve,City Administration,2,0.6782,3,0.1691,item_title;item_id;meeting_id,2,0.8471
p045,series,City Administration|# - # council and committee meetings - agenda items and attachments,2017 - 2021 Council and Committee Meetings - Agenda Items and Attachments,9bje-8njq,City Administration,3,2gag-j8mk,2013 - 2017 Council and Committee Meetings - Abstention Votes,2gag-j8mk,Elected Officials,3,0.5855,1,0.2419,item_title;item_id;meeting_id,,
p046,series,City Administration|# - # council and committee meetings - agenda items and attachments,2017 - 2021 Council and Committee Meetings - Agenda Items and Attachments,9bje-8njq,City Administration,3,City Administration|#-# council and committee meetings - attachments & documents,2025-2029 Council And Committee Meetings - Attachments & Documents,6yzb-v8z6,City Administration,4,0.5725,,,,1,0.8834
p047,series,City Administration|# - # council and committee meetings - agenda items and attachments,2017 - 2021 Council and Committee Meetings - Agenda Items and Attachments,9bje-8njq,City Administration,3,5qee-kms7,Council and Committee Meetings_Meeting Videos (Multiple Terms),5qee-kms7,,5,0.5606,,,,5,0.8129
p048,series,City Administration|# - # council and committee meetings - agenda items and attachments,2017 - 2021 Council and Committee Meetings - Agenda Items and Attachments,9bje-8njq,City Administration,3,City Administration|#-# council and committee meetings - attendance,2025-2029 Council And Committee Meetings - Attendance,pdbn-7hur,City Administration,,,4,0.1323,item_id;meeting_id,,
p049,series,City Administration|# - # council and committee meetings - agenda items and attachments,2017 - 2021 Council and Committee Meetings - Agenda Items and Attachments,9bje-8njq,City Administration,3,City Administration|#-# council and committee meetings - voting record,2025-2029 Council And Committee Meetings - Voting Record,abcm-eai5,City Administration,,,5,0.1212,item_id;meeting_id,,
p050,series,City Administration|#-# council and committee meetings - agenda items,2025-2029 Council And Committee Meetings - Agenda Items,6gb8-cs9c,City Administration,5,City Administration|#-# council and committee meetings - attendance,2025-2029 Council And Committee Meetings - Attendance,pdbn-7hur,City Administration,1,0.8734,2,0.5216,meeting_md5;uuid;council_term;item_id;meeting_datetime,4,0.91
p051,series,City Administration|#-# council and committee meetings - agenda items,2025-2029 Council And Committee Meetings - Agenda Items,6gb8-cs9c,City Administration,5,City Administration|#-# council and committee meetings - motions,2025-2029 Council And Committee Meetings - Motions,usf6-2n86,City Administration,2,0.8427,4,0.5072,num;meeting_md5;uuid;council_term;item_id,2,0.9382
p052,series,City Administration|#-# council and committee meetings - agenda items,2025-2029 Council And Committee Meetings - Agenda Items,6gb8-cs9c,City Administration,5,City Administration|#-# council and committee meetings - attachments & documents,2025-2029 Council And Committee Meetings - Attachments & Documents,6yzb-v8z6,City Administration,3,0.8363,3,0.5089,num;meeting_md5;uuid;council_term;meeting_datetime,5,0.8909
p053,series,City Administration|#-# council and committee meetings - agenda items,2025-2029 Council And Committee Meetings - Agenda Items,6gb8-cs9c,City Administration,5,City Administration|#-# council and committee meetings - meeting details,2025-2029 Council And Committee Meetings - Meeting Details,ct7z-2r6h,City Administration,4,0.8077,5,0.4677,meeting_md5;uuid;council_term;meeting_datetime;meeting_time,1,0.9669
p054,series,City Administration|#-# council and committee meetings - agenda items,2025-2029 Council And Committee Meetings - Agenda Items,6gb8-cs9c,City Administration,5,City Administration|#-# council and committee meetings - voting record,2025-2029 Council And Committee Meetings - Voting Record,abcm-eai5,City Administration,5,0.7531,1,0.5843,num;meeting_md5;uuid;council_term;item_id,3,0.9211
p055,category:City Administration,i4kt-z6xs,Requests for Data,i4kt-z6xs,City Administration,1,u2wt-gn9w,FOIP Requests,u2wt-gn9w,City Administration,1,0.2434,,,,,
p056,category:City Administration,i4kt-z6xs,Requests for Data,i4kt-z6xs,City Administration,1,7kmt-35ac,Public Job Opportunities,7kmt-35ac,City Administration,2,0.1814,,,,1,0.7293
p057,category:City Administration,i4kt-z6xs,Requests for Data,i4kt-z6xs,City Administration,1,|# requests (#),311 Requests (2022),2x69-33yr,,3,0.1714,,,,4,0.7056
p058,category:City Administration,i4kt-z6xs,Requests for Data,i4kt-z6xs,City Administration,1,bhgv-hhwg,DATS Accommodation Rate,bhgv-hhwg,Transit,4,0.1563,,,,,
p059,category:City Administration,i4kt-z6xs,Requests for Data,i4kt-z6xs,City Administration,1,ukww-xkmj,311 Explorer,ukww-xkmj,Indicators,5,0.1557,,,,,
p060,category:City Administration,i4kt-z6xs,Requests for Data,i4kt-z6xs,City Administration,1,u5kr-rbif,Speed Check Sign Locations,u5kr-rbif,Vehicle Speed,,,1,0.1237,dataset_url,,
p061,category:City Administration,i4kt-z6xs,Requests for Data,i4kt-z6xs,City Administration,1,uwts-yj6k,Impacts to Citizens_City COVID-19 Response,uwts-yj6k,City Administration,,,2,0.1002,department,,
p062,category:City Administration,i4kt-z6xs,Requests for Data,i4kt-z6xs,City Administration,1,qgwa-crci,Asset Featured Content (Public Datasets),qgwa-crci,,,,3,0.0991,dataset_url,,
p063,category:City Administration,i4kt-z6xs,Requests for Data,i4kt-z6xs,City Administration,1,s5px-58fj,Items Due to Edmonton City Council and Committees,s5px-58fj,City Administration,,,4,0.0906,department,,
p064,category:City Administration,i4kt-z6xs,Requests for Data,i4kt-z6xs,City Administration,1,da9s-v9j8,Approved Operating Budget - Expenses,da9s-v9j8,Financial,,,5,0.0892,department,,
p065,category:Externally Sourced Datasets,w7yp-px4i,COVID-19 in Alberta: Vaccination Sites,w7yp-px4i,Externally Sourced Datasets,1,uwts-yj6k,Impacts to Citizens_City COVID-19 Response,uwts-yj6k,City Administration,1,0.2532,,,,,
p066,category:Externally Sourced Datasets,w7yp-px4i,COVID-19 in Alberta: Vaccination Sites,w7yp-px4i,Externally Sourced Datasets,1,f7kx-redx,Historical: COVID-19 in Alberta: Variant cases by zone,f7kx-redx,Externally Sourced Datasets,2,0.2297,,,,1,0.8323
p067,category:Externally Sourced Datasets,w7yp-px4i,COVID-19 in Alberta: Vaccination Sites,w7yp-px4i,Externally Sourced Datasets,1,x5vj-du6p,COVID-19 in Alberta: Number of people tested for COVID-19 in Alberta by zone,x5vj-du6p,Community Services,3,0.2292,,,,,
p068,category:Externally Sourced Datasets,w7yp-px4i,COVID-19 in Alberta: Vaccination Sites,w7yp-px4i,Externally Sourced Datasets,1,ypc6-7cu6,Historical: COVID-19 in Alberta: People tested for COVID-19 in Alberta by age group and gender,ypc6-7cu6,Community Services,4,0.2088,,,,5,0.8161
p069,category:Externally Sourced Datasets,w7yp-px4i,COVID-19 in Alberta: Vaccination Sites,w7yp-px4i,Externally Sourced Datasets,1,tgzq-jumt,COVID-19 in Alberta: Vaccination Progress by Local Geographic Area,tgzq-jumt,Externally Sourced Datasets,5,0.2045,,,,,
p070,category:Externally Sourced Datasets,w7yp-px4i,COVID-19 in Alberta: Vaccination Sites,w7yp-px4i,Externally Sourced Datasets,1,jvbc-qa3n,"Public Skate Times (past, present and future)",jvbc-qa3n,Indoor Recreation,,,1,0.2006,address_1;address_2,,
p071,category:Externally Sourced Datasets,w7yp-px4i,COVID-19 in Alberta: Vaccination Sites,w7yp-px4i,Externally Sourced Datasets,1,6g4m-3ynw,Continuing Care Accommodation Standards Compliance Reporting,6g4m-3ynw,,,,2,0.181,address_1;address_2;city,,
p072,category:Externally Sourced Datasets,w7yp-px4i,COVID-19 in Alberta: Vaccination Sites,w7yp-px4i,Externally Sourced Datasets,1,7kmt-35ac,Public Job Opportunities,7kmt-35ac,City Administration,,,3,0.1184,city;title,,
p073,category:Externally Sourced Datasets,w7yp-px4i,COVID-19 in Alberta: Vaccination Sites,w7yp-px4i,Externally Sourced Datasets,1,45hm-rte9,Food Establishment Inspections,45hm-rte9,Externally Sourced Datasets,,,4,0.1097,city,,
p074,category:Externally Sourced Datasets,w7yp-px4i,COVID-19 in Alberta: Vaccination Sites,w7yp-px4i,Externally Sourced Datasets,1,vfpx-jrew,Public Notices,vfpx-jrew,City Administration,,,5,0.0848,title,,
p075,category:Community Services,jmcu-tz8y,Historical: COVID-19 in Alberta: Cases by Zone,jmcu-tz8y,Community Services,1,f7kx-redx,Historical: COVID-19 in Alberta: Variant cases by zone,f7kx-redx,Externally Sourced Datasets,1,0.5947,,,,1,0.8906
p076,category:Community Services,jmcu-tz8y,Historical: COVID-19 in Alberta: Cases by Zone,jmcu-tz8y,Community Services,1,2h73-35uw,Historical: COVID-19 in Alberta: Current Outbreak Locations,2h73-35uw,Community Services,2,0.4582,,,,,
p077,category:Community Services,jmcu-tz8y,Historical: COVID-19 in Alberta: Cases by Zone,jmcu-tz8y,Community Services,1,xzbw-4krt,Historical: COVID-19 in Alberta: Intensive Care Unit (ICU) bed and non-ICU bed capacity and utilization,xzbw-4krt,Community Services,3,0.4417,,,,,
p078,category:Community Services,jmcu-tz8y,Historical: COVID-19 in Alberta: Cases by Zone,jmcu-tz8y,Community Services,1,5n6j-rw53,Historical: COVID-19 in Alberta: Rate of New Hospitalizations,5n6j-rw53,Community Services,4,0.427,,,,,
p079,category:Community Services,jmcu-tz8y,Historical: COVID-19 in Alberta: Cases by Zone,jmcu-tz8y,Community Services,1,w98g-d3nf,"Historical: COVID-19 in Alberta: Rate of COVID-19 cases (per 100,000 population) in Alberta and by zone",w98g-d3nf,Community Services,5,0.4187,,,,2,0.8808
p080,category:Community Services,jmcu-tz8y,Historical: COVID-19 in Alberta: Cases by Zone,jmcu-tz8y,Community Services,1,2wg2-7scc,2016 Coyote Reportings,2wg2-7scc,Community Services,,,1,0.2233,date_reported,,
p081,category:Community Services,jmcu-tz8y,Historical: COVID-19 in Alberta: Cases by Zone,jmcu-tz8y,Community Services,1,3ziu-fsu8,2019 Census - Population by Gender (Citywide),3ziu-fsu8,Census,,,2,0.2069,gender,,
p082,category:Community Services,jmcu-tz8y,Historical: COVID-19 in Alberta: Cases by Zone,jmcu-tz8y,Community Services,1,tgzq-jumt,COVID-19 in Alberta: Vaccination Progress by Local Geographic Area,tgzq-jumt,Externally Sourced Datasets,,,3,0.1109,age_group,,
p083,category:Community Services,jmcu-tz8y,Historical: COVID-19 in Alberta: Cases by Zone,jmcu-tz8y,Community Services,1,6qu6-h2ec,2021 Federal Census: Education,6qu6-h2ec,Census,,,4,0.1023,gender,,
p084,category:Community Services,jmcu-tz8y,Historical: COVID-19 in Alberta: Cases by Zone,jmcu-tz8y,Community Services,1,ec45-6idm,"COVID-19 in Alberta: Total Hospitalizations, ICU admissions and deaths by age group",ec45-6idm,Community Services,,,5,0.0894,age_group,,
p085,category:Environmental Services,n3qd-yamd,Green Technology Directory,n3qd-yamd,Environmental Services,1,px79-vegt,Youth Services - Directory,px79-vegt,Community Services,1,0.2174,4,0.1368,province;city,,
p086,category:Environmental Services,n3qd-yamd,Green Technology Directory,n3qd-yamd,Environmental Services,1,vze2-9vk3,Litter Audit - Site List,vze2-9vk3,Environmental Services,2,0.117,,,,,
p087,category:Environmental Services,n3qd-yamd,Green Technology Directory,n3qd-yamd,Environmental Services,1,rxke-mcvd,LED Streetlight Conversion,rxke-mcvd,Transportation,3,0.1104,,,,,
p088,category:Environmental Services,n3qd-yamd,Green Technology Directory,n3qd-yamd,Environmental Services,1,w7yp-px4i,COVID-19 in Alberta: Vaccination Sites,w7yp-px4i,Externally Sourced Datasets,4,0.1099,,,,,
p089,category:Environmental Services,n3qd-yamd,Green Technology Directory,n3qd-yamd,Environmental Services,1,vqrq-wbxj,"""You're gonna love green"" Awareness - Edmonton Insight Community",vqrq-wbxj,Surveys,5,0.0856,,,,,
p090,category:Environmental Services,n3qd-yamd,Green Technology Directory,n3qd-yamd,Environmental Services,1,45hm-rte9,Food Establishment Inspections,45hm-rte9,Externally Sourced Datasets,,,1,0.1713,city;category,,
p091,category:Environmental Services,n3qd-yamd,Green Technology Directory,n3qd-yamd,Environmental Services,1,7kmt-35ac,Public Job Opportunities,7kmt-35ac,City Administration,,,2,0.1584,province;city;category,,
p092,category:Environmental Services,n3qd-yamd,Green Technology Directory,n3qd-yamd,Environmental Services,1,vjh2-z4yi,Family and Community Support Services (FCSS) Programs : Edmonton Region,vjh2-z4yi,Externally Sourced Datasets,,,3,0.1385,province;city,,
p093,category:Environmental Services,n3qd-yamd,Green Technology Directory,n3qd-yamd,Environmental Services,1,mf6n-s5ts,Annual Collision Report: Top Collision Locations,mf6n-s5ts,,,,5,0.1082,location_type,,
p094,category:Elected Officials,unhb-snm6,Councillors' Common Budget Meeting Expenses for Calendar Year 2025,unhb-snm6,Elected Officials,1,Elected Officials|councillors' common budget meeting expenses for #-# council term,Councillors' Common Budget Meeting Expenses for 2025-2029 Council Term,sa3b-85z7,Elected Officials,1,0.6983,2,1.0,councillor_s_guest_s;date_iso;expenditure_detail;expenditure_type;cost,1,0.9779
p095,category:Elected Officials,unhb-snm6,Councillors' Common Budget Meeting Expenses for Calendar Year 2025,unhb-snm6,Elected Officials,1,6a3z-pyp8,Councillors' Common Travel and Conference Expenses for Calendar Year 2025,6a3z-pyp8,Elected Officials,2,0.6316,,,,2,0.9216
p096,category:Elected Officials,unhb-snm6,Councillors' Common Budget Meeting Expenses for Calendar Year 2025,unhb-snm6,Elected Officials,1,5iem-c5a5,Councillors' Common Budget Meeting Expenses,5iem-c5a5,Elected Officials,3,0.434,1,1.0,councillor_s_guest_s;date_iso;expenditure_detail;expenditure_type;cost,3,0.9092
p097,category:Elected Officials,unhb-snm6,Councillors' Common Budget Meeting Expenses for Calendar Year 2025,unhb-snm6,Elected Officials,1,Elected Officials|councillors' common travel and conference expenses for #-# council term,Councillors' Common Travel and Conference Expenses for 2025-2029 Council Term,pbtk-5jbg,Elected Officials,4,0.3583,,,,4,0.8934
p098,category:Elected Officials,unhb-snm6,Councillors' Common Budget Meeting Expenses for Calendar Year 2025,unhb-snm6,Elected Officials,1,adac-jn3y,Councillors' Common Travel and Training Expenses,adac-jn3y,Elected Officials,5,0.2134,,,,,
p099,category:Elected Officials,unhb-snm6,Councillors' Common Budget Meeting Expenses for Calendar Year 2025,unhb-snm6,Elected Officials,1,4e5k-hg84,Mayor's Meeting Expenses,4e5k-hg84,Elected Officials,,,3,0.9086,date_iso;expenditure_detail;expenditure_type;cost;total_budget,,
p100,category:Elected Officials,unhb-snm6,Councillors' Common Budget Meeting Expenses for Calendar Year 2025,unhb-snm6,Elected Officials,1,msh9-wq9y,Mayor's Meeting Expenses for 2025-2029 Council Term,msh9-wq9y,Elected Officials,,,4,0.9086,date_iso;expenditure_detail;expenditure_type;cost;total_budget,,
p101,category:Elected Officials,unhb-snm6,Councillors' Common Budget Meeting Expenses for Calendar Year 2025,unhb-snm6,Elected Officials,1,p9hs-nq9q,Mayor's Meeting Expenses for 2021 - 2025 Council Term,p9hs-nq9q,Elected Officials,,,5,0.9086,date_iso;expenditure_detail;expenditure_type;cost;total_budget,,
p102,category:Transit,kgbm-4fw4,DATS On-Time Performance,kgbm-4fw4,Transit,1,rccx-sn8f,DATS Ridership,rccx-sn8f,Transit,1,0.5962,5,0.64,month_numeric;period;month;year,2,0.8422
p103,category:Transit,kgbm-4fw4,DATS On-Time Performance,kgbm-4fw4,Transit,1,bhgv-hhwg,DATS Accommodation Rate,bhgv-hhwg,Transit,2,0.5747,3,0.64,month_numeric;period;month;year,1,0.8886
p104,category:Transit,kgbm-4fw4,DATS On-Time Performance,kgbm-4fw4,Transit,1,sfwk-p9kr,Bus On-Time Performance,sfwk-p9kr,Transit,3,0.2175,,,,5,0.77
p105,category:Transit,kgbm-4fw4,DATS On-Time Performance,kgbm-4fw4,Transit,1,cjdb-i8t4,On-Demand Transit Ridership,cjdb-i8t4,Transit,4,0.2087,4,0.64,month_numeric;period;month;year,3,0.7723
p106,category:Transit,kgbm-4fw4,DATS On-Time Performance,kgbm-4fw4,Transit,1,4n2j-anrc,ETS Fare History,4n2j-anrc,Transit,5,0.1797,,,,4,0.7706
p107,category:Transit,kgbm-4fw4,DATS On-Time Performance,kgbm-4fw4,Transit,1,wj6v-epas,Transit Ridership,wj6v-epas,Transit,,,1,0.6532,month_numeric;period;month;year,,
p108,category:Transit,kgbm-4fw4,DATS On-Time Performance,kgbm-4fw4,Transit,1,77dh-qrp7,LRT On-Time Performance,77dh-qrp7,Transit,,,2,0.64,month_numeric;period;month;year,,
p109,category:Transportation,pmj3-tdmq,Scheduled Photo Enforcement Zone Centre Points - History,pmj3-tdmq,Transportation,1,mbyc-ffgt,Scheduled Photo Enforcement Zones - History,mbyc-ffgt,Transportation,1,0.9064,2,0.6143,scheduled_from_date;scheduled_to_date;reason_code_s;speed_limit;site_id,1,0.9655
p110,category:Transportation,pmj3-tdmq,Scheduled Photo Enforcement Zone Centre Points - History,pmj3-tdmq,Transportation,1,epqc-y5cq,All Photo Enforcement Zone Centre Points,epqc-y5cq,Transportation,2,0.7504,1,0.8032,geo_location_address;geo_location_city;geo_location_state;geo_location_zip;reason_code_s,2,0.9389
p111,category:Transportation,pmj3-tdmq,Scheduled Photo Enforcement Zone Centre Points - History,pmj3-tdmq,Transportation,1,39my-9n5c,Scheduled Photo Enforcement Zones,39my-9n5c,,3,0.6264,,,,3,0.9371
p112,category:Transportation,pmj3-tdmq,Scheduled Photo Enforcement Zone Centre Points - History,pmj3-tdmq,Transportation,1,vfki-xv3i,All Photo Enforcement Zones,vfki-xv3i,,4,0.432,,,,4,0.8775
p113,category:Transportation,pmj3-tdmq,Scheduled Photo Enforcement Zone Centre Points - History,pmj3-tdmq,Transportation,1,x6it-tefe,Mobile Automated Photo Enforcement Ticket Zones,x6it-tefe,Vehicle Speed,5,0.2381,4,0.2981,speed_limit;site_id,5,0.8179
p114,category:Transportation,pmj3-tdmq,Scheduled Photo Enforcement Zone Centre Points - History,pmj3-tdmq,Transportation,1,7fnd-72gr,Intersection Safety Device Locations,7fnd-72gr,Transportation,,,3,0.4863,geo_location_address;geo_location_city;geo_location_state;geo_location_zip;reason_code_s,,
p115,category:Transportation,pmj3-tdmq,Scheduled Photo Enforcement Zone Centre Points - History,pmj3-tdmq,Transportation,1,u5kr-rbif,Speed Check Sign Locations,u5kr-rbif,Vehicle Speed,,,5,0.2498,location_description;speed_limit;site_id,,
p116,category:Geospatial Boundaries,avbh-ga6n,City Plan_Planning Districts,avbh-ga6n,Geospatial Boundaries,1,k7sc-fiez,Nodes and Corridors,k7sc-fiez,,1,0.357,,,,1,0.7605
p117,category:Geospatial Boundaries,avbh-ga6n,City Plan_Planning Districts,avbh-ga6n,Geospatial Boundaries,1,x84x-uttq,Parks Operations Districts,x84x-uttq,Administrative,2,0.2716,,,,,
p118,category:Geospatial Boundaries,avbh-ga6n,City Plan_Planning Districts,avbh-ga6n,Geospatial Boundaries,1,jdmr-bidz,Plans in Effect,jdmr-bidz,,3,0.1704,,,,,
p119,category:Geospatial Boundaries,avbh-ga6n,City Plan_Planning Districts,avbh-ga6n,Geospatial Boundaries,1,pwis-wc4c,Property and Education Tax Rates (2014 onward),pwis-wc4c,Financial,4,0.0863,,,,,
p120,category:Geospatial Boundaries,avbh-ga6n,City Plan_Planning Districts,avbh-ga6n,Geospatial Boundaries,1,qmrk-42wy,Utility Corridors (Edmonton Metropolitan Region Geographic Information Services),qmrk-42wy,,5,0.0795,,,,,
p121,category:Geospatial Boundaries,avbh-ga6n,City Plan_Planning Districts,avbh-ga6n,Geospatial Boundaries,1,psqu-m8ki,Outdoor Ashtray Locations,psqu-m8ki,Community Services,,,1,0.3702,district_name,,
p122,category:Facilities and Structures,gkc9-wx88,Facility/Service Notifications,gkc9-wx88,Facilities and Structures,1,u7r4-acwa,Facility/Service Notification History,u7r4-acwa,Facilities and Structures,1,0.9951,1,0.9554,additional_information;edmonton_ca_info_page;facility_service_id;facility_service_information;facility_service_name,1,0.9954
p123,category:Facilities and Structures,gkc9-wx88,Facility/Service Notifications,gkc9-wx88,Facilities and Structures,1,5yvt-mcye,ETS_Service Disruption Alerts,5yvt-mcye,Transit,2,0.1429,,,,,
p124,category:Facilities and Structures,gkc9-wx88,Facility/Service Notifications,gkc9-wx88,Facilities and Structures,1,7yt8-7467,Attractions,7yt8-7467,Facilities and Structures,3,0.1429,,,,,
p125,category:Facilities and Structures,gkc9-wx88,Facility/Service Notifications,gkc9-wx88,Facilities and Structures,1,2mxf-2xyw,City Golf Courses,2mxf-2xyw,Outdoor Recreation,4,0.1268,,,,,
p126,category:Facilities and Structures,gkc9-wx88,Facility/Service Notifications,gkc9-wx88,Facilities and Structures,1,snws-u3zx,LRT Elevator/Escalator Outages,snws-u3zx,Transportation Infrastructure,5,0.1145,,,,,
p127,category:Facilities and Structures,gkc9-wx88,Facility/Service Notifications,gkc9-wx88,Facilities and Structures,1,39my-9n5c,Scheduled Photo Enforcement Zones,39my-9n5c,,,,2,0.1367,reason;location,,
p128,category:Facilities and Structures,gkc9-wx88,Facility/Service Notifications,gkc9-wx88,Facilities and Structures,1,vfki-xv3i,All Photo Enforcement Zones,vfki-xv3i,,,,3,0.1367,reason;location,,
p129,category:Facilities and Structures,gkc9-wx88,Facility/Service Notifications,gkc9-wx88,Facilities and Structures,1,kaps-rk7z,Community League Halls,kaps-rk7z,Community Centres,,,4,0.1363,location;address,,
p130,category:Facilities and Structures,gkc9-wx88,Facility/Service Notifications,gkc9-wx88,Facilities and Structures,1,ut27-nrpn,Parcel Addresses,ut27-nrpn,Geospatial Boundaries,,,5,0.1276,geometry_point;status;location,,
p131,category:Urban Planning & Economy,wh44-4bkz,Edmonton Business Census - Neighbourhood Aggregation,wh44-4bkz,Urban Planning & Economy,1,8c4b-u4a4,Edmonton Business Census,8c4b-u4a4,Urban Planning & Economy,1,0.4545,,,,1,0.8545
p132,category:Urban Planning & Economy,wh44-4bkz,Edmonton Business Census - Neighbourhood Aggregation,wh44-4bkz,Urban Planning & Economy,1,qhi4-bdpu,City of Edmonton - Business Licences,qhi4-bdpu,Urban Planning & Economy,2,0.3381,,,,,
p133,category:Urban Planning & Economy,wh44-4bkz,Edmonton Business Census - Neighbourhood Aggregation,wh44-4bkz,Urban Planning & Economy,1,|business improvement areas,Business Improvement Areas,tnfg-97qp,,3,0.191,,,,,
p134,category:Urban Planning & Economy,wh44-4bkz,Edmonton Business Census - Neighbourhood Aggregation,wh44-4bkz,Urban Planning & Economy,1,vt6f-7n2g,Voltage Zones,vt6f-7n2g,,4,0.1396,,,,,
p135,category:Urban Planning & Economy,wh44-4bkz,Edmonton Business Census - Neighbourhood Aggregation,wh44-4bkz,Urban Planning & Economy,1,5krg-x4nb,Deprecated - Child Friendly Edmonton Businesses,5krg-x4nb,Community Services,5,0.1235,,,,,
p136,category:Urban Planning & Economy,wh44-4bkz,Edmonton Business Census - Neighbourhood Aggregation,wh44-4bkz,Urban Planning & Economy,1,Census|# census - dwelling unit by ownership (neighbourhood),2014 Census - Dwelling Unit By Ownership (Neighbourhood),sjeq-fvts,Census,,,1,0.1792,neighbourhood_number;neighbourhood_name,,
p137,category:Urban Planning & Economy,wh44-4bkz,Edmonton Business Census - Neighbourhood Aggregation,wh44-4bkz,Urban Planning & Economy,1,d2xp-ctch,2016 Census - Dwelling Unit by Ownership (Neighbourhood/Ward),d2xp-ctch,Census,,,2,0.1792,neighbourhood_number;neighbourhood_name,,
p138,category:Urban Planning & Economy,wh44-4bkz,Edmonton Business Census - Neighbourhood Aggregation,wh44-4bkz,Urban Planning & Economy,1,Census|# census - dwelling units by structure type and ownership (neighbourhood),2014 Census - Dwelling Units By Structure Type And Ownership (Neighbourhood),6x7z-icju,Census,,,3,0.1634,neighbourhood_number;neighbourhood_name,,
p139,category:Urban Planning & Economy,wh44-4bkz,Edmonton Business Census - Neighbourhood Aggregation,wh44-4bkz,Urban Planning & Economy,1,rutt-y5cv,2016 Census - Dwelling Unit by Structure Type and Ownership (Neighbourhood/Ward),rutt-y5cv,Census,,,4,0.1634,neighbourhood_number;neighbourhood_name,,
p140,category:Urban Planning & Economy,wh44-4bkz,Edmonton Business Census - Neighbourhood Aggregation,wh44-4bkz,Urban Planning & Economy,1,6k27-tnmh,311 Calls for Needles Collection,6k27-tnmh,Community Services,,,5,0.1562,neighbourhood_number;neighbourhood_name,,
p141,category:Outdoor Recreation,9nqb-w48x,Playgrounds,9nqb-w48x,Outdoor Recreation,1,eecg-fc54,Trees,eecg-fc54,Environmental Services,1,0.1366,,,,,
p142,category:Outdoor Recreation,9nqb-w48x,Playgrounds,9nqb-w48x,Outdoor Recreation,1,cden-wfsu,Sports Field Fixtures,cden-wfsu,Outdoor Recreation,2,0.1346,,,,5,0.7627
p143,category:Outdoor Recreation,9nqb-w48x,Playgrounds,9nqb-w48x,Outdoor Recreation,1,tsq5-xp73,Parkade And Surface Lots,tsq5-xp73,Facilities and Structures,3,0.1275,,,,,
p144,category:Outdoor Recreation,9nqb-w48x,Playgrounds,9nqb-w48x,Outdoor Recreation,1,gdd9-eqv9,Parks,gdd9-eqv9,Outdoor Recreation,4,0.1206,,,,1,0.7829
p145,category:Outdoor Recreation,9nqb-w48x,Playgrounds,9nqb-w48x,Outdoor Recreation,1,9j6k-uzig,Deprecated - ETS - Bus Stops by Landmarks,9j6k-uzig,Transit,5,0.1141,,,,,
p146,category:Outdoor Recreation,9nqb-w48x,Playgrounds,9nqb-w48x,Outdoor Recreation,1,jyra-si4k,Spray Parks,jyra-si4k,Outdoor Recreation,,,1,0.8684,redevelopment_date;surface_type;accessibility;maintainer;id,,
p147,category:Outdoor Recreation,9nqb-w48x,Playgrounds,9nqb-w48x,Outdoor Recreation,1,b4y7-zhnz,Fire Stations,b4y7-zhnz,Emergency Services,,,2,0.3143,name;address,,
p148,category:Outdoor Recreation,9nqb-w48x,Playgrounds,9nqb-w48x,Outdoor Recreation,1,e7aq-scxv,Police Stations,e7aq-scxv,Facilities and Structures,,,3,0.3143,name;address,,
p149,category:Outdoor Recreation,9nqb-w48x,Playgrounds,9nqb-w48x,Outdoor Recreation,1,zmac-3mxq,Seniors Centres,zmac-3mxq,Community Centres,,,4,0.3143,name;address,,
p150,category:Outdoor Recreation,9nqb-w48x,Playgrounds,9nqb-w48x,Outdoor Recreation,1,x84x-uttq,Parks Operations Districts,x84x-uttq,Administrative,,,5,0.2923,id;type;name,,
p151,category:Administrative,qqvh-dp5m,City of Edmonton - Corporate Boundary (current),qqvh-dp5m,Administrative,1,a62q-eaea,City of Edmonton - Corporate Boundary,a62q-eaea,,1,0.651,,,,1,0.8563
p152,category:Administrative,qqvh-dp5m,City of Edmonton - Corporate Boundary (current),qqvh-dp5m,Administrative,1,qgwa-crci,Asset Featured Content (Public Datasets),qgwa-crci,,2,0.2857,,,,,
p153,category:Administrative,qqvh-dp5m,City of Edmonton - Corporate Boundary (current),qqvh-dp5m,Administrative,1,v59u-75mc,Remote Sensing Tiling Grid,v59u-75mc,,3,0.1515,,,,,
p154,category:Administrative,qqvh-dp5m,City of Edmonton - Corporate Boundary (current),qqvh-dp5m,Administrative,1,c2wd-nyfn,City of Edmonton - Boundary (Annexation) History,c2wd-nyfn,Administrative,4,0.1509,,,,5,0.751
p155,category:Administrative,qqvh-dp5m,City of Edmonton - Corporate Boundary (current),qqvh-dp5m,Administrative,1,3b6m-fezs,City of Edmonton - Neighbourhoods (Centroid Point),3b6m-fezs,City Administration,5,0.1459,,,,,
p156,category:Administrative,qqvh-dp5m,City of Edmonton - Corporate Boundary (current),qqvh-dp5m,Administrative,1,acaa-ax39,Edmonton Public School Board : School Building Footprints,acaa-ax39,Facilities and Structures,,,1,0.569,ltt_curren;ltt_featur;ltt_status;id,,
p157,category:Administrative,qqvh-dp5m,City of Edmonton - Corporate Boundary (current),qqvh-dp5m,Administrative,1,28n7-tzy4,Park Envelopes,28n7-tzy4,Geospatial Boundaries,,,2,0.5018,ltt_curren;ltt_featur;ltt_status;id,,
p158,category:Administrative,qqvh-dp5m,City of Edmonton - Corporate Boundary (current),qqvh-dp5m,Administrative,1,774r-kpz5,Land Parcels_Legal Parcels (Point),774r-kpz5,Geospatial Boundaries,,,3,0.218,id,,
p159,category:Administrative,qqvh-dp5m,City of Edmonton - Corporate Boundary (current),qqvh-dp5m,Administrative,1,78hg-w763,Land Parcels_Holding Parcels (Point),78hg-w763,Geospatial Boundaries,,,4,0.218,id,,
p160,category:Administrative,qqvh-dp5m,City of Edmonton - Corporate Boundary (current),qqvh-dp5m,Administrative,1,9tyx-zfd4,Land Parcels_Title Parcels (Point),9tyx-zfd4,Geospatial Boundaries,,,5,0.218,id,,
p161,category:Transportation Infrastructure,nmn5-5yzc,Capital Projects Line Geometry,nmn5-5yzc,Transportation Infrastructure,1,xw7u-7mr6,Capital Projects Point Geometry,xw7u-7mr6,Community Development,1,0.9503,1,1.0,ebuilder_number,1,0.9834
p162,category:Transportation Infrastructure,nmn5-5yzc,Capital Projects Line Geometry,nmn5-5yzc,Transportation Infrastructure,1,552h-hjwj,Capital Projects,552h-hjwj,City Administration,2,0.8767,2,0.1725,ebuilder_number,2,0.9536
p163,category:Transportation Infrastructure,nmn5-5yzc,Capital Projects Line Geometry,nmn5-5yzc,Transportation Infrastructure,1,pdmi-3qjb,Open Data Budget - Capital (2015),pdmi-3qjb,Financial,3,0.1448,,,,4,0.8031
p164,category:Transportation Infrastructure,nmn5-5yzc,Capital Projects Line Geometry,nmn5-5yzc,Transportation Infrastructure,1,r993-376i,Open Data Budget - Capital Details (2015),r993-376i,Financial,4,0.1408,,,,3,0.8097
p165,category:Transportation Infrastructure,nmn5-5yzc,Capital Projects Line Geometry,nmn5-5yzc,Transportation Infrastructure,1,zxf6-rv9a,2016 Street Construction Projects,zxf6-rv9a,Transportation,5,0.1229,,,,,
p166,category:Outdoor Recreation,9nqb-w48x,Playgrounds,9nqb-w48x,Outdoor Recreation,1,7yt8-7467,Attractions,7yt8-7467,Facilities and Structures,,,,,,2,0.7815
p167,category:Outdoor Recreation,9nqb-w48x,Playgrounds,9nqb-w48x,Outdoor Recreation,1,us3k-6swx,Sports Fields (Points),us3k-6swx,Outdoor Recreation,,,,,,3,0.7776
p168,category:Outdoor Recreation,9nqb-w48x,Playgrounds,9nqb-w48x,Outdoor Recreation,1,nz3t-vyg3,Recreation Facilities,nz3t-vyg3,,,,,,,4,0.7742
p169,Census,Census|# census - dwelling units by structure type and occupancy (citywide),2014 Census - Dwelling Units By Structure Type And Occupancy (Citywide),idfs-vbig,Census,2,Census|# census - dwelling units by structure type and ownership (citywide),2014 Census - Dwelling Units By Structure Type And Ownership (Citywide),pxmc-n397,Census,,,,,,4,0.9497
p170,series,City Administration|# - # council and committee meetings - agenda items and attachments,2017 - 2021 Council and Committee Meetings - Agenda Items and Attachments,9bje-8njq,City Administration,3,City Administration|#-# council and committee meetings - voting record with motion details,2025-2029 Council And Committee Meetings - Voting Record with Motion Details,bjnf-zrh8,City Administration,,,,,,4,0.8357
p171,category:Geospatial Boundaries,avbh-ga6n,City Plan_Planning Districts,avbh-ga6n,Geospatial Boundaries,1,5mh4-z7dk,Residential Subdivision Applications in Mature Neighbourhoods,5mh4-z7dk,Geospatial Boundaries,,,,,,2,0.7373
p172,category:Geospatial Boundaries,avbh-ga6n,City Plan_Planning Districts,avbh-ga6n,Geospatial Boundaries,1,xu6q-xcmj,Neighbourhood Boundaries : 2019,xu6q-xcmj,,,,,,,3,0.7207
p173,category:Geospatial Boundaries,avbh-ga6n,City Plan_Planning Districts,avbh-ga6n,Geospatial Boundaries,1,3b6m-fezs,City of Edmonton - Neighbourhoods (Centroid Point),3b6m-fezs,City Administration,,,,,,4,0.7184
p174,category:Geospatial Boundaries,avbh-ga6n,City Plan_Planning Districts,avbh-ga6n,Geospatial Boundaries,1,65fr-66s6,City of Edmonton - Neighbourhoods,65fr-66s6,City Administration,,,,,,5,0.7157
p175,category:Facilities and Structures,gkc9-wx88,Facility/Service Notifications,gkc9-wx88,Facilities and Structures,1,ukww-xkmj,311 Explorer,ukww-xkmj,Indicators,,,,,,2,0.7719
p176,category:Facilities and Structures,gkc9-wx88,Facility/Service Notifications,gkc9-wx88,Facilities and Structures,1,hygp-5fnr,Rental Booking Information,hygp-5fnr,Facilities and Structures,,,,,,3,0.7606
p177,category:Facilities and Structures,gkc9-wx88,Facility/Service Notifications,gkc9-wx88,Facilities and Structures,1,rzhs-dea8,Recreation Facilities_Memberships,rzhs-dea8,Community Services,,,,,,4,0.7558
p178,category:Facilities and Structures,gkc9-wx88,Facility/Service Notifications,gkc9-wx88,Facilities and Structures,1,8c4b-u4a4,Edmonton Business Census,8c4b-u4a4,Urban Planning & Economy,,,,,,5,0.7493
p179,category:City Administration,i4kt-z6xs,Requests for Data,i4kt-z6xs,City Administration,1,q7ua-agfg,311 Requests,q7ua-agfg,City Administration,,,,,,2,0.726
p180,category:City Administration,i4kt-z6xs,Requests for Data,i4kt-z6xs,City Administration,1,v3sd-nzjz,Dataset Quality,v3sd-nzjz,Indicators,,,,,,3,0.7229
p181,category:City Administration,i4kt-z6xs,Requests for Data,i4kt-z6xs,City Administration,1,vj6q-4s3n,Publication Date Asset Inventory,vj6q-4s3n,City Administration,,,,,,5,0.6834
p182,category:Community Services,jmcu-tz8y,Historical: COVID-19 in Alberta: Cases by Zone,jmcu-tz8y,Community Services,1,rrjc-ssaw,Historical: COVID-19 in Alberta: Case History by Municipality and Local Geographic Area,rrjc-ssaw,Externally Sourced Datasets,,,,,,3,0.8788
p183,category:Community Services,jmcu-tz8y,Historical: COVID-19 in Alberta: Cases by Zone,jmcu-tz8y,Community Services,1,gxqm-z6fa,COVID-19 in Alberta: Day by day,gxqm-z6fa,Community Services,,,,,,4,0.8744
p184,category:Community Services,jmcu-tz8y,Historical: COVID-19 in Alberta: Cases by Zone,jmcu-tz8y,Community Services,1,x5vj-du6p,COVID-19 in Alberta: Number of people tested for COVID-19 in Alberta by zone,x5vj-du6p,Community Services,,,,,,5,0.8719
p185,Surveys,ksf2-dty2,July 2020 Mixed Topic - Masks in Public - Edmonton Insight Community,ksf2-dty2,Surveys,1,bxdz-b9rh,May 2021 Mixed Topic - COVID-19 Check In - Edmonton Insight Community,bxdz-b9rh,Surveys,,,,,,1,0.9645
p186,Surveys,ksf2-dty2,July 2020 Mixed Topic - Masks in Public - Edmonton Insight Community,ksf2-dty2,Surveys,1,9aqv-tm5z,October 2021 Mixed Topic - Covid - Edmonton Insight Community,9aqv-tm5z,Surveys,,,,,,3,0.9597
p187,Surveys,ksf2-dty2,July 2020 Mixed Topic - Masks in Public - Edmonton Insight Community,ksf2-dty2,Surveys,1,j26d-4ffc,February 2021 Mixed Topic - Survey - Edmonton Insight Community,j26d-4ffc,Surveys,,,,,,4,0.9302
p188,Surveys,ksf2-dty2,July 2020 Mixed Topic - Masks in Public - Edmonton Insight Community,ksf2-dty2,Surveys,1,6yts-9msi,November 2021 Mixed Topic - Volunteer - Edmonton Insight Community,6yts-9msi,Surveys,,,,,,5,0.9264
p189,category:Environmental Services,n3qd-yamd,Green Technology Directory,n3qd-yamd,Environmental Services,1,uwuq-3zq3,Historical - City of Edmonton/NAIT Solar Panel Reference System,uwuq-3zq3,Environmental Services,,,,,,1,0.6927
p190,category:Environmental Services,n3qd-yamd,Green Technology Directory,n3qd-yamd,Environmental Services,1,s2gr-ynai,City of Edmonton/NAIT Solar Panel Reference System - Per Module Energy Production,s2gr-ynai,Environmental Services,,,,,,2,0.6924
p191,category:Environmental Services,n3qd-yamd,Green Technology Directory,n3qd-yamd,Environmental Services,1,3xir-jjpa,Low Impact Development Inventory,3xir-jjpa,Externally Sourced Datasets,,,,,,3,0.6887
p192,category:Environmental Services,n3qd-yamd,Green Technology Directory,n3qd-yamd,Environmental Services,1,27pm-x74q,Waste/Recycling Depot List (27pm-x74q),27pm-x74q,Environmental Services,,,,,,4,0.6876
p193,category:Environmental Services,n3qd-yamd,Green Technology Directory,n3qd-yamd,Environmental Services,1,ykrg-bwt7,Track Sports Fields,ykrg-bwt7,Outdoor Recreation,,,,,,5,0.6835
p194,category:Transportation Infrastructure,nmn5-5yzc,Capital Projects Line Geometry,nmn5-5yzc,Transportation Infrastructure,1,qi6a-xuwt,Property Assessment Data (Historical),qi6a-xuwt,City Administration,,,,,,5,0.799
p195,category:Administrative,qqvh-dp5m,City of Edmonton - Corporate Boundary (current),qqvh-dp5m,Administrative,1,xu6q-xcmj,Neighbourhood Boundaries : 2019,xu6q-xcmj,,,,,,,2,0.7748
p196,category:Administrative,qqvh-dp5m,City of Edmonton - Corporate Boundary (current),qqvh-dp5m,Administrative,1,jpxi-a9a5,City of Edmonton - Rooflines (as of 2019),jpxi-a9a5,Geospatial Boundaries,,,,,,3,0.758
p197,category:Administrative,qqvh-dp5m,City of Edmonton - Corporate Boundary (current),qqvh-dp5m,Administrative,1,nydb-6rce,"City of Edmonton Ward Boundary and Council Composition_Current, Historical and Future",nydb-6rce,Administrative,,,,,,4,0.7553
p198,Surveys,t6uf-8aus,Graffiti - Edmonton Insight Community,t6uf-8aus,Surveys,1,y889-i2de,Social Media - Edmonton Insight Community,y889-i2de,Surveys,,,,,,1,0.9008
p199,Surveys,t6uf-8aus,Graffiti - Edmonton Insight Community,t6uf-8aus,Surveys,1,xqy9-2ef3,Community and City - Edmonton Insight Community,xqy9-2ef3,Surveys,,,,,,2,0.9003
p200,Surveys,t6uf-8aus,Graffiti - Edmonton Insight Community,t6uf-8aus,Surveys,1,Surveys|reuse centre - edmonton insight community,Reuse Centre - Edmonton Insight Community,yceq-wcuh,Surveys,,,,,,3,0.8983
p201,Surveys,t6uf-8aus,Graffiti - Edmonton Insight Community,t6uf-8aus,Surveys,1,2wiz-k5z2,Your View of Edmonton - Edmonton Insight Community,2wiz-k5z2,Surveys,,,,,,4,0.8955
p202,Surveys,t6uf-8aus,Graffiti - Edmonton Insight Community,t6uf-8aus,Surveys,1,b9fy-cbqs,City Communication Survey - Edmonton Insight Community,b9fy-cbqs,Surveys,,,,,,5,0.8922
p203,category:Elected Officials,unhb-snm6,Councillors' Common Budget Meeting Expenses for Calendar Year 2025,unhb-snm6,Elected Officials,1,Elected Officials|councillors' ward expenses for #-# council term,Councillors' Ward Expenses for 2025-2029 Council Term,s84d-4772,Elected Officials,,,,,,5,0.8564
p204,category:Externally Sourced Datasets,w7yp-px4i,COVID-19 in Alberta: Vaccination Sites,w7yp-px4i,Externally Sourced Datasets,1,2h73-35uw,Historical: COVID-19 in Alberta: Current Outbreak Locations,2h73-35uw,Community Services,,,,,,2,0.8281
p205,category:Externally Sourced Datasets,w7yp-px4i,COVID-19 in Alberta: Vaccination Sites,w7yp-px4i,Externally Sourced Datasets,1,xwaa-ucvd,COVID-19 in Edmonton: Day by day,xwaa-ucvd,Community Services,,,,,,3,0.8174
p206,category:Externally Sourced Datasets,w7yp-px4i,COVID-19 in Alberta: Vaccination Sites,w7yp-px4i,Externally Sourced Datasets,1,ix8f-s9xp,Historical: COVID-19 in Alberta: Current cases by local geographic area,ix8f-s9xp,Community Services,,,,,,4,0.8172
p207,category:Urban Planning & Economy,wh44-4bkz,Edmonton Business Census - Neighbourhood Aggregation,wh44-4bkz,Urban Planning & Economy,1,cdsz-i2q3,2016 Federal Census: Employment Type,cdsz-i2q3,Census,,,,,,2,0.7904
p208,category:Urban Planning & Economy,wh44-4bkz,Edmonton Business Census - Neighbourhood Aggregation,wh44-4bkz,Urban Planning & Economy,1,vah2-4xwy,2016 Federal Census: Private Dwellings - Period of Construction,vah2-4xwy,Census,,,,,,3,0.7793
p209,category:Urban Planning & Economy,wh44-4bkz,Edmonton Business Census - Neighbourhood Aggregation,wh44-4bkz,Urban Planning & Economy,1,vidw-9hv8,2016 Federal Census: Dwelling Types,vidw-9hv8,Census,,,,,,4,0.7751
p210,category:Urban Planning & Economy,wh44-4bkz,Edmonton Business Census - Neighbourhood Aggregation,wh44-4bkz,Urban Planning & Economy,1,m5ij-rg6i,2016 Federal Census: Household Size,m5ij-rg6i,Census,,,,,,5,0.7722
